-- Урок 4. Практическое задание по теме “Операторы, фильтрация, сортировка и ограничение”

-- Задание 1

DROP TABLE IF EXISTS users;
CREATE TABLE users (
  id SERIAL PRIMARY KEY,
  name VARCHAR(255) COMMENT 'Имя покупателя',
  birthday_at DATE COMMENT 'Дата рождения',
  created_at DATETIME,
  updated_at DATETIME
) COMMENT = 'Покупатели';


INSERT INTO users (name, birthday_at, created_at, updated_at) values
  ('Геннадий', '1990-10-05', CURRENT_TIMESTAMP, CURRENT_TIMESTAMP),
  ('Наталья', '1984-11-12', CURRENT_TIMESTAMP, CURRENT_TIMESTAMP),
  ('Александр', '1985-05-20', CURRENT_TIMESTAMP, CURRENT_TIMESTAMP),
  ('Сергей', '1988-02-14', CURRENT_TIMESTAMP, CURRENT_TIMESTAMP),
  ('Иван', '1998-01-12', CURRENT_TIMESTAMP, CURRENT_TIMESTAMP);
  
 
 -- Задание 2
 
 DROP TABLE IF EXISTS users;
 CREATE TABLE users (
  id SERIAL PRIMARY KEY,
  name VARCHAR(255) COMMENT 'Имя покупателя',
  birthday_at DATE COMMENT 'Дата рождения',
  created_at VARCHAR(25),
  updated_at vARCHAR(25)
) COMMENT = 'Покупатели';


INSERT INTO users (name, birthday_at, created_at, updated_at) values
  ('Геннадий', '1990-10-05', CURRENT_TIMESTAMP, CURRENT_TIMESTAMP),
  ('Наталья', '1984-11-12', CURRENT_TIMESTAMP, CURRENT_TIMESTAMP),
  ('Александр', '1985-05-20', CURRENT_TIMESTAMP, CURRENT_TIMESTAMP),
  ('Сергей', '1988-02-14', CURRENT_TIMESTAMP, CURRENT_TIMESTAMP),
  ('Иван', '1998-01-12', CURRENT_TIMESTAMP, CURRENT_TIMESTAMP);
 
 ALTER TABLE `users` CHANGE `created_at` `created_at` DATETIME;
 ALTER TABLE `users` CHANGE `updated_at` `updated_at` DATETIME;

-- Задание 3

DROP TABLE IF EXISTS `products`;
CREATE TABLE `products` (
  `id` bigint(20) unsigned NOT NULL AUTO_INCREMENT,
  `name` varchar(255) COLLATE utf8_unicode_ci DEFAULT NULL COMMENT 'Название',
  `description` text COLLATE utf8_unicode_ci DEFAULT NULL COMMENT 'Описание',
  `price` decimal(11,2) DEFAULT NULL COMMENT 'Цена',
  `catalog_id` int(10) unsigned DEFAULT NULL,
  `created_at` datetime DEFAULT current_timestamp(),
  `updated_at` datetime DEFAULT current_timestamp() ON UPDATE current_timestamp(),
  PRIMARY KEY (`id`),
  KEY `index_of_catalog_id` (`catalog_id`)
) ENGINE=InnoDB AUTO_INCREMENT=101 DEFAULT CHARSET=utf8 COLLATE=utf8_unicode_ci COMMENT='Товарные позиции';

INSERT INTO `products` VALUES ('1','quos','Omnis neque consequuntur voluptatem consequatur illo assumenda omnis. Nisi et voluptatem voluptas voluptatem. Officia quidem molestiae aut inventore non consequatur.','14678.87',NULL,'2013-08-21 11:31:02','1977-12-31 19:58:11'),
('2','eos','Consequatur iure et in cumque modi repudiandae aperiam. Vel non tenetur et iusto dolores assumenda et. Tenetur blanditiis maiores in nulla excepturi et. Occaecati minus temporibus laboriosam earum et recusandae.','6.97',NULL,'2005-03-02 12:27:05','1976-12-01 20:13:08'),
('3','autem','Nihil rerum optio aut optio ut. Laudantium iste quasi dicta aliquam expedita eos quos. Qui cumque rerum est asperiores maxime.','0.28',NULL,'1975-07-25 17:53:25','2009-08-12 14:15:47'),
('4','vel','Qui iusto quo dolore temporibus. Et odit quia doloribus aperiam. Eum ea possimus et esse incidunt magni earum.','441.12',NULL,'2015-05-06 00:07:48','1972-06-07 06:16:41'),
('5','veritatis','Ducimus eos odit aut reiciendis et provident. Illum et assumenda qui est corrupti dolores. Error in dolorem ullam et neque repellat. Quo velit dolor ut qui laudantium. Dolor mollitia sed labore labore rem laboriosam.','73.79',NULL,'1976-10-06 18:30:42','1980-01-05 21:48:42'),
('6','iure','Placeat nam corrupti blanditiis non cupiditate iste. Vitae repellendus nobis nihil dolorem aspernatur. Molestiae quam ad commodi aut. Eum quia voluptatem velit libero facere et. Non qui eos sunt accusamus tenetur voluptas.','72700862.13',NULL,'2016-03-14 21:04:35','2011-05-08 05:45:11'),
('7','quo','Sit molestias eos asperiores. Quibusdam ut ex illo architecto quia harum asperiores magni.','49929.64',NULL,'1992-12-14 05:28:49','2011-08-20 00:30:28'),
('8','nesciunt','Nesciunt esse laudantium voluptatem veniam. A numquam recusandae quidem perspiciatis fugiat rerum autem. Iste a aut non dolore qui ea rerum. Mollitia consequuntur aut qui et ea nesciunt.','17245.33',NULL,'1976-08-20 13:27:26','1996-10-07 11:59:04'),
('9','rerum','Voluptas repudiandae fugit officiis nulla. Et error velit adipisci a consequatur quaerat quia. Laudantium nisi sit ut non rerum. Doloribus eum ea ipsa reiciendis velit. Saepe velit omnis labore consectetur quia reprehenderit dolor.','0.46',NULL,'1982-09-18 01:51:02','1997-03-01 07:31:06'),
('10','distinctio','Incidunt sapiente ipsa sapiente et est molestiae sint alias. Maxime quis aut aut nostrum ad. Iure similique perferendis mollitia odio. Quia expedita et optio hic similique quia omnis. Eaque rerum sapiente placeat esse qui quia beatae.','162.77',NULL,'2000-05-02 02:30:54','2012-02-12 16:18:49'),
('11','maiores','Unde nobis consequatur labore dignissimos. Explicabo quidem accusamus qui non. Debitis et repudiandae tempora ut eum autem culpa quo. Ab eligendi beatae est deserunt. Eaque sit excepturi cum non perferendis voluptatem.','755539183.30',NULL,'2002-12-14 12:34:51','1971-08-28 13:59:24'),
('12','numquam','Commodi mollitia doloremque aliquam aliquam cumque. Ipsam non ea ut quisquam voluptatibus modi. Facilis cum et inventore explicabo ut eum nam. Consectetur voluptas sunt dolorem quasi aut.','242135.85',NULL,'1990-03-06 12:52:22','1986-09-29 06:55:18'),
('13','ut','Quas non qui odio quae aperiam. Quam quia aut praesentium.','40.32',NULL,'2013-03-31 06:36:50','2003-04-26 22:17:32'),
('14','qui','Consequatur nam aliquid accusamus nam perspiciatis minima. Non debitis doloremque blanditiis vero non. Consequatur eum sunt placeat illum omnis.','54.95',NULL,'1988-07-26 16:54:48','2018-08-04 16:37:17'),
('15','et','Repellat facilis assumenda et autem qui perferendis. Dignissimos odit hic deserunt qui hic ipsum. Perferendis esse qui aut totam fugit.','35717.00',NULL,'2005-02-17 02:58:46','1984-06-12 14:33:36'),
('16','quia','Quia ducimus voluptatem quo ut non velit non. Ducimus consectetur ducimus omnis cupiditate qui eligendi. Impedit nesciunt inventore nobis quod totam unde.','1.85',NULL,'1975-01-30 12:28:54','1971-05-19 00:49:32'),
('17','quae','Aliquid eaque minus nihil accusantium vel. Enim quia sit velit. Fuga sunt ut dolorum maiores ratione fugit et. Totam et ipsa praesentium eveniet.','626037.75',NULL,'1994-11-29 16:44:34','1996-11-05 00:00:34'),
('18','enim','Sed aspernatur voluptas ratione ut veniam rerum. Illum illum et magnam dolor non. Cum laborum dolorem blanditiis officiis molestias.','63222.99',NULL,'2006-09-27 19:03:58','2019-05-21 00:12:09'),
('19','atque','Ducimus magni voluptatem labore minus quo laborum. Et incidunt vitae molestias recusandae aut voluptatem dolore. Voluptates repudiandae alias possimus nihil suscipit.','201830590.00',NULL,'1994-03-24 05:33:35','2003-06-08 01:35:57'),
('20','explicabo','Incidunt nisi quod hic fuga laudantium. Sequi quisquam excepturi expedita quas dicta doloremque. Qui dolorem laudantium veritatis et minima. In consequatur et ad ipsum dolorum in debitis.','0.00',NULL,'1998-02-22 22:04:27','2004-06-06 14:25:47'),
('21','itaque','Delectus accusamus consectetur blanditiis autem maiores. Quae quia in fugit et illo. Tenetur corporis dicta ipsum quibusdam ut doloribus ut. Nisi voluptas laborum sunt hic.','54356991.74',NULL,'1990-04-03 05:31:18','1991-02-15 16:54:02'),
('22','porro','Quia officiis eum vitae doloremque sequi totam quia. Facere saepe sit vitae quia magnam nulla dolor. Illo dignissimos qui deleniti quidem. Maxime sunt distinctio in voluptas cupiditate.','9358340.96',NULL,'2018-08-06 22:47:52','1980-08-22 01:36:14'),
('23','et','Est et nostrum aperiam et sed. Odit laborum accusantium et non ut aut rem. Soluta fuga quia nostrum quas quia ut natus.','2437.83',NULL,'1983-06-27 14:52:17','2008-02-19 09:35:48'),
('24','qui','At ut eaque quia in libero et. Vitae unde tempora alias. Fugiat ipsa quaerat ut. Non quod totam dolor est aut.','6.15',NULL,'2001-09-30 11:38:07','1995-04-02 02:26:24'),
('25','itaque','Fuga aperiam repudiandae qui repudiandae sunt. Nulla qui laudantium consequatur a voluptas enim. A recusandae dolorem eaque earum beatae dolorem. Rerum blanditiis autem earum laudantium rerum architecto fuga voluptatibus.','7657.60',NULL,'1972-07-17 13:32:34','2019-05-10 00:10:48'),
('26','excepturi','Ex nostrum recusandae ducimus voluptatem libero in occaecati. Quod dolorum reprehenderit vero et eum reprehenderit suscipit. Saepe aut reiciendis molestias et vitae cumque corrupti. Quidem tempore sit eos.','1187898.76',NULL,'1977-07-08 01:11:38','1975-01-30 15:50:47'),
('27','vitae','Cum voluptates nesciunt quas incidunt placeat. Natus vel blanditiis dolor omnis. Vel iste accusantium ut quae facilis. Quia totam ipsa error voluptatem aperiam fugiat.','261.97',NULL,'1982-11-01 07:59:13','1992-02-02 13:41:38'),
('28','in','Atque aut atque id enim. Et in nihil et rem perspiciatis esse. Vel quo placeat vero consequatur. Unde ipsam dolores consequatur quia qui qui.','564.45',NULL,'2013-11-03 08:06:19','1983-12-09 13:01:34'),
('29','sunt','Dolore et inventore consectetur laborum totam. Accusantium quos quo ipsum id aut corporis mollitia aut. Sit quam et fugiat.','43265013.80',NULL,'1986-05-30 00:24:29','1994-01-23 10:51:10'),
('30','non','Quia officia et placeat magni maiores consequatur molestiae dignissimos. Saepe tempora aliquam quia sequi.','0.52',NULL,'1971-11-22 13:51:25','1993-10-09 16:01:10'),
('31','sed','Magnam similique excepturi aut aut veritatis in nostrum. Vero sunt nemo voluptates repellat dolore. Voluptatum autem repellendus placeat ut non.','2.56',NULL,'1973-10-12 18:54:16','1996-06-06 07:45:15'),
('32','eos','Rerum dolorum laborum et. Sed nisi quo sunt. Molestiae quisquam ut repellat laudantium hic voluptas velit voluptatem.','414340706.50',NULL,'1971-02-18 13:19:20','1983-02-27 23:21:51'),
('33','nostrum','Voluptatem libero quo delectus aliquid et necessitatibus. Sequi impedit dolor ut ut totam nulla et.','5.55',NULL,'2018-04-21 17:25:17','2004-01-12 10:46:44'),
('34','laudantium','Praesentium aliquam vel perspiciatis. Est velit earum maiores eum modi iusto earum. Deleniti at maiores nisi totam occaecati.','174.33',NULL,'1996-08-04 18:36:10','2015-05-19 18:50:04'),
('35','modi','Ipsum ex quis sit accusamus fugit doloremque et. Saepe rerum corporis eligendi laudantium impedit. Repudiandae quas non odio dolorem minima autem non. Nobis adipisci sit natus nihil.','832.42',NULL,'2011-11-30 14:11:34','1978-01-09 18:22:00'),
('36','sint','Iure eligendi minus in enim sit dolorem velit. Vitae consequatur voluptas in possimus molestias alias. Error magni culpa id sit quo. Facere vel fuga dolorem harum provident et. Vel modi porro rem dolores aut odit.','194.93',NULL,'1983-07-16 09:19:27','2017-01-08 22:58:24'),
('37','velit','Voluptatum ad iste ut sequi eligendi ipsa. Ipsa architecto quia voluptatem molestias dolore nam quia quas. Illum maxime hic aut dolorem fugit repudiandae.','5511.65',NULL,'1978-07-06 01:32:39','2015-03-21 02:28:27'),
('38','placeat','Modi est eaque accusamus deleniti. Deserunt repudiandae provident quis illum. Accusantium voluptatem qui eos corporis. Quia quam perspiciatis quibusdam natus labore.','220864.00',NULL,'1989-03-07 13:34:50','1999-05-01 10:45:27'),
('39','maxime','Cumque dolorem nemo ducimus commodi. Exercitationem vel assumenda iure ut consequatur quia. Est omnis esse explicabo voluptate eos.','1205.00',NULL,'1970-04-12 02:51:10','1983-04-06 00:22:55'),
('40','vel','Cupiditate vel velit nulla aspernatur quae mollitia perferendis dolores. Ipsum fuga iure illo fugiat iste. Voluptatibus sit voluptates animi quaerat.','16.95',NULL,'1973-12-22 06:10:15','1985-07-18 14:21:31'),
('41','id','Ut temporibus quae repellat voluptas aut mollitia. Sunt et est quam facilis et. Nisi ratione mollitia quidem vel necessitatibus voluptate omnis. Corrupti voluptas nihil in molestiae.','3289.30',NULL,'1985-07-04 03:06:23','2016-06-08 00:16:41'),
('42','perspiciatis','Suscipit veniam debitis similique nemo sed et corrupti. Sunt eum eveniet eligendi et consequatur recusandae quia quibusdam. Rerum velit odit aut voluptatem dolore incidunt.','2.38',NULL,'1989-10-21 08:58:15','1970-04-08 11:54:12'),
('43','eum','Natus hic est voluptatem voluptas consequatur quam. Omnis quo aut temporibus quas. Repellendus omnis voluptatem omnis voluptas velit. Ipsum qui amet nulla id fugit fugiat sed.','19.08',NULL,'1996-10-14 14:31:35','1990-02-06 12:21:28'),
('44','doloribus','Ut ullam cumque quo eaque ea possimus. Magnam quo sapiente voluptas reprehenderit vel esse qui. Sed ipsum doloremque illum.','10182.84',NULL,'1999-04-10 14:11:07','2005-07-07 03:02:06'),
('45','illo','Ipsa et dolorem impedit est. Cum enim et doloribus. Odit nihil labore deleniti ea. Quia aliquam reiciendis harum ad recusandae quo.','215.81',NULL,'1987-07-12 18:27:25','2010-10-28 17:50:40'),
('46','laudantium','Dolores unde quia laudantium molestias provident. Libero fuga vitae eos. Beatae esse quasi dolor iste et molestias rem.','0.00',NULL,'2007-05-25 01:26:30','2014-02-13 02:25:41'),
('47','culpa','Assumenda sunt et harum tenetur et neque. Assumenda animi praesentium labore. Debitis qui optio qui quis earum. Temporibus repellat nesciunt sed reiciendis unde aut.','5.01',NULL,'1973-08-16 17:13:17','2004-12-19 05:32:58'),
('48','corporis','Nihil eos itaque voluptas et itaque consequuntur. Quos nihil voluptas eligendi vel deleniti. Error animi unde consectetur veritatis iusto assumenda eligendi. Sit eos iusto doloribus est voluptatem autem.','6.66',NULL,'2007-01-19 10:55:22','1998-11-04 21:52:21'),
('49','repudiandae','Minima ex repellat rerum placeat. Mollitia rerum et veritatis similique odit ad omnis. Eos autem est dolores omnis. Illum qui minus tenetur debitis fugit aliquam iusto.','232650.76',NULL,'2006-04-01 19:07:33','2010-05-10 15:08:46'),
('50','laudantium','Vitae minus qui itaque aut doloribus ipsa id. Omnis sapiente vel sint voluptatem iusto aut aut. Qui minima est in saepe tenetur sunt. Ut assumenda sed qui adipisci nihil.','2759.29',NULL,'1974-01-07 09:07:57','1986-01-09 18:28:40'),
('51','aut','Dolorem autem optio dolorem. Et possimus dolor fugiat hic. Nihil voluptas nulla natus perspiciatis mollitia. Eius voluptatem molestiae quia iste.','8419733.00',NULL,'2018-04-29 01:59:49','2016-08-10 16:09:13'),
('52','aut','Aliquam perferendis pariatur quod nesciunt esse sunt. Ea praesentium rem corporis et nihil. Modi non modi accusantium voluptas dolorem. Eum animi qui perspiciatis et id quas cum quidem.','803.03',NULL,'1988-07-06 19:45:19','1991-01-14 02:03:48'),
('53','voluptatem','Et cupiditate aut dicta quis dignissimos rerum. Id non amet sapiente velit quia nam.','6961.81',NULL,'2012-09-03 21:27:22','1996-07-20 10:27:43'),
('54','voluptatem','Velit nostrum dolor aut doloremque corrupti. Et error eos rerum perferendis nam quo a. Nesciunt tempore consequatur ut praesentium modi illo.','0.21',NULL,'2017-12-18 07:18:45','1997-07-16 06:30:11'),
('55','sint','A fugit et ut. Vitae et necessitatibus qui accusantium. A eveniet nihil earum dolorem.','0.00',NULL,'2015-09-23 18:49:49','1991-04-05 21:48:59'),
('56','neque','Explicabo sit iste quidem dolores. Voluptas et doloremque velit modi.','64731.48',NULL,'1989-02-10 01:07:29','1977-07-03 06:38:13'),
('57','non','Nobis dolorem sit eius facere animi aut dolorem nesciunt. A earum repellendus sint debitis. Magni ut illo quis molestias eveniet.','1909661.30',NULL,'2013-06-30 07:37:24','1986-05-19 08:50:43'),
('58','magni','Dolorem aut magnam et molestiae non repellat dolorem dicta. Facere ipsa ab aut dolor. Aut occaecati eos voluptatem eos sed qui fugiat harum.','98695504.95',NULL,'2005-09-17 11:14:08','2013-06-27 12:37:27'),
('59','reiciendis','Placeat cumque quasi dolor beatae consequatur laudantium nisi. Odio corporis quia cumque dolor dolor maiores. Maxime ut ut ullam et sapiente explicabo. Rerum neque praesentium ratione ex.','3451.33',NULL,'2006-09-03 13:19:30','2007-07-06 23:04:17'),
('60','at','Fugit corporis fuga vero sunt voluptatem adipisci et. Voluptatem rerum cumque iure vero eligendi voluptas. Beatae laboriosam repellendus adipisci earum saepe architecto. Expedita nihil facere ut. Aliquam quia et doloribus voluptatum quod sed aperiam facere.','330.48',NULL,'2019-08-02 03:53:45','1998-09-14 21:51:04'),
('61','dignissimos','Beatae quod eveniet sed consequuntur dicta. Dignissimos ut et id et. Ut hic voluptatibus et. Atque itaque dolor nihil illo officiis itaque et.','374279341.52',NULL,'1977-05-03 00:52:19','1991-08-15 02:46:15'),
('62','illum','Nam dolorem ut et hic corrupti earum. Unde consequatur ea itaque minus ipsam non consequatur. Atque et aperiam voluptate ut qui. Debitis commodi non ratione.','149633.00',NULL,'2007-02-04 19:45:59','1971-02-06 03:45:52'),
('63','explicabo','Autem consequuntur quibusdam numquam quod enim consequatur vitae. Modi autem aut minima aut ut. Impedit voluptatem et nostrum sunt a quibusdam. Natus quo dignissimos officiis sint ex.','184.30',NULL,'2004-07-09 08:32:05','2008-11-27 14:18:30'),
('64','totam','Exercitationem eum quo debitis aut non earum voluptatem. Error aperiam laudantium et maiores harum sequi et. Sint consequatur error iure ut ut in. Est et quaerat neque tempore sint et laboriosam.','564.31',NULL,'1972-11-01 18:27:06','1981-10-18 03:48:08'),
('65','necessitatibus','Distinctio voluptatum fuga ullam dolor aspernatur. Et eos quod dolorem sed ducimus. Quia fugiat laudantium aut sed.','2613.72',NULL,'1995-07-24 14:29:07','2010-07-10 22:05:00'),
('66','debitis','Ipsam aut ducimus voluptates et adipisci. Earum consequatur ut at suscipit sint ut quos totam. Sapiente voluptatem deleniti nesciunt maiores. Minima repudiandae et non veritatis delectus quae.','551960167.26',NULL,'1987-02-22 09:08:23','2018-10-17 10:04:02'),
('67','dolorem','Et voluptas ex voluptas nostrum. Corporis voluptate repellat deleniti iure. Consectetur et necessitatibus illum reprehenderit quis earum pariatur. Cupiditate accusantium animi dolorum autem quas eos.','0.00',NULL,'1976-09-04 13:06:49','1988-01-18 21:43:58'),
('68','corrupti','Culpa veniam suscipit et aliquam placeat praesentium soluta sit. Rerum et qui tenetur amet omnis corporis laboriosam. Nihil temporibus itaque sapiente voluptatem.','0.00',NULL,'1994-10-29 14:33:24','1970-11-02 06:35:23'),
('69','beatae','Consectetur quo sit totam non magnam. Sed pariatur facilis magni consequuntur autem consequatur voluptas. Nisi repellat dolor aliquid. Asperiores dolorem dolore sed sint vitae laudantium.','28011970.00',NULL,'1979-03-27 20:01:48','2003-09-09 17:37:55'),
('70','non','Dolorem sit eum cum totam numquam dignissimos. Officia qui corporis et et.','3749608.19',NULL,'1984-11-05 05:29:06','1988-02-07 15:39:36'),
('71','doloribus','Quia nulla ab perspiciatis. Reiciendis pariatur ut dolorum nulla quas. Hic repellendus provident ut sunt.','25.42',NULL,'1977-08-07 06:58:14','2001-08-03 16:03:51'),
('72','fuga','Pariatur ad sit eos doloribus enim voluptatem. Id laudantium aspernatur aut cum ex numquam. Fugiat quas ut eligendi ducimus aut laboriosam ut. Necessitatibus sint consectetur voluptatem.','0.00',NULL,'2002-04-13 07:18:58','1981-02-20 12:26:01'),
('73','fuga','Porro deserunt facilis cum accusantium et est. Odio sit dolorem voluptates similique perferendis vero. Rerum tempora qui ea ullam.','536753308.64',NULL,'1999-02-13 16:03:06','1998-09-25 20:51:43'),
('74','atque','Et consequatur quibusdam id enim harum alias et. Et quis provident id dolor. Atque delectus sapiente laborum mollitia.','4666.07',NULL,'1993-08-03 16:25:15','2011-05-28 08:59:26'),
('75','explicabo','Veritatis ea maxime non eius occaecati. Minima enim quibusdam qui quia illo. Ullam illo nihil rerum dolores.','118518.75',NULL,'2003-02-27 20:44:02','1995-01-10 22:59:51'),
('76','quia','Nihil perferendis minus id necessitatibus tempora accusantium. Fugiat veniam qui ipsam alias nisi ut architecto molestiae. Porro eligendi eum dolore quia et nobis reiciendis doloremque. Quidem consequatur delectus eius accusamus quas dolores nisi.','21711.75',NULL,'2006-03-07 11:25:41','2001-05-23 21:27:31'),
('77','dolores','Ex laudantium recusandae at est. Neque aut nam sit architecto repellendus nisi et quod. Et voluptatibus iusto quod porro. Nobis eligendi sit cum enim aliquid. Ab impedit autem voluptas totam aliquam repellendus nam.','93.73',NULL,'2003-01-31 11:13:25','2016-12-24 08:46:34'),
('78','blanditiis','Harum similique voluptatem distinctio ipsum provident ut. Impedit accusamus reiciendis itaque voluptatem alias qui et et. Unde officiis dicta dolores est. Ab placeat voluptate occaecati minima sint voluptatum alias.','62.37',NULL,'1990-04-07 05:14:43','2018-12-05 09:15:40'),
('79','explicabo','Totam consequatur est nam dolores. Aut quisquam labore ut delectus. Veritatis et ut necessitatibus dolorem.','3366540.00',NULL,'1975-04-09 00:42:07','2016-12-21 13:32:05'),
('80','aut','Nihil similique autem placeat omnis commodi ex. Id perferendis repellat dolorum cupiditate. Sequi voluptas magni sit quis voluptatibus magnam. Ipsum architecto autem iure optio nobis perspiciatis et aut.','235562.76',NULL,'1995-07-16 05:43:47','2017-04-29 20:47:24'),
('81','officia','Quod in ratione incidunt minus sint sed amet. Magnam placeat et animi iusto. At nulla perspiciatis deserunt nobis quibusdam cum est. Eum excepturi voluptatibus eum ullam.','0.00',NULL,'1992-12-02 15:23:17','1988-07-14 04:00:17'),
('82','dignissimos','Similique consectetur accusamus ut labore dolores dolores dolores qui. Accusantium reprehenderit repellendus qui adipisci adipisci odio. Aut soluta placeat est animi sed molestias. Amet iusto et quo sequi aut veritatis.','0.00',NULL,'1978-09-19 06:19:06','1976-02-25 10:32:30'),
('83','est','Aperiam deleniti fugiat sapiente magnam. Dolorem sed qui non aliquam eum ut nihil quas. Magnam eos necessitatibus quia qui vitae. Qui suscipit doloribus excepturi enim quisquam nobis. Sed sequi consequatur eos sed sunt rerum debitis nam.','9505.81',NULL,'1987-08-25 11:49:45','2004-03-17 17:06:57'),
('84','libero','Id tenetur nostrum sed quibusdam eaque nam. Explicabo non architecto asperiores voluptatum tenetur veritatis error dolores. Ut est est quia.','5.10',NULL,'1972-04-24 00:20:27','2015-03-27 23:37:41'),
('85','consequatur','Facilis magni veniam qui omnis accusantium dolor consectetur. Velit recusandae esse iste. Porro ad quidem sit omnis quis ullam voluptatem.','54735.10',NULL,'2003-07-02 10:46:54','2003-10-27 10:45:19'),
('86','ducimus','Illum quasi reiciendis alias ut inventore in. Sed sed et non soluta dolorem molestiae optio. Delectus sed iure ut earum optio.','137860.96',NULL,'1976-09-07 13:03:16','1979-10-10 20:11:02'),
('87','quo','Velit sed facere error at quia inventore. Beatae minima porro quia dolores. Ad occaecati incidunt omnis deserunt.','5071087.79',NULL,'1984-08-30 00:30:30','1971-12-01 15:49:35'),
('88','doloribus','Numquam et officiis molestias exercitationem nulla ipsa beatae. In voluptatibus et autem ipsa perspiciatis ipsum. Ullam voluptas ducimus aperiam libero natus optio praesentium quo.','717387767.97',NULL,'1974-11-11 20:03:23','1991-01-28 21:57:53'),
('89','officia','Voluptatibus ut culpa officia animi. Officiis dolorem illum eius. Voluptatum doloribus adipisci quia laudantium dolorum est. Laboriosam repudiandae incidunt iusto cupiditate est amet. Molestias eius dolore aut perspiciatis.','0.00',NULL,'1990-02-06 19:16:08','1970-08-11 17:58:37'),
('90','atque','Cumque et cupiditate quo amet officia magnam quaerat cum. Sed magni quia ut aliquam suscipit architecto.','42801.18',NULL,'1994-07-30 16:16:42','1977-11-15 07:31:49'),
('91','ipsam','Et reiciendis non corporis et quasi architecto aliquid. Ut sunt asperiores accusamus totam veritatis vitae. Rerum aspernatur repellat necessitatibus deserunt nulla.','3271.85',NULL,'1973-10-11 15:58:16','2000-11-26 14:25:25'),
('92','quasi','Qui eos qui vel dolores magni in eaque. Facere nisi nulla exercitationem dolorem porro cum. Accusantium inventore eos quo commodi aperiam unde omnis. Similique saepe non magnam quo asperiores assumenda.','0.00',NULL,'1970-01-10 08:46:19','2002-03-03 05:14:51'),
('93','et','Nam qui natus dicta officia reprehenderit et et magnam. Quas distinctio recusandae cum laboriosam. Omnis qui magni est explicabo id earum.','3.83',NULL,'2005-03-22 04:01:10','2010-09-24 04:42:51'),
('94','maiores','Et repudiandae cupiditate quo cupiditate. Illum facere aut ut veritatis ea. Alias harum sed aut sit at voluptate. Quo natus distinctio reprehenderit voluptas distinctio dignissimos minima.','37958816.00',NULL,'1995-02-16 09:55:22','2018-04-13 02:56:22'),
('95','ab','Dicta qui enim ab rerum pariatur. Est et magni architecto veniam praesentium cumque. Voluptatem quidem odio dolores tempore sed.','271889204.98',NULL,'2000-01-22 23:45:25','2003-07-19 00:30:48'),
('96','cumque','Mollitia quidem aut culpa deleniti quo eum ipsum. Nemo ipsum odio molestias illum ut nostrum. Deserunt est quis dicta. Nihil voluptatem esse culpa consequatur sit enim quos.','121.90',NULL,'2012-09-21 10:21:59','2005-08-14 00:58:09'),
('97','dolor','Quae architecto qui fuga exercitationem quisquam atque quia. Minima non aut sequi illum rem error aut.','179.80',NULL,'2002-07-12 17:57:06','1999-02-28 01:57:16'),
('98','autem','Voluptates et non non nihil optio vero nemo. Non sapiente aut dolores illum occaecati. Sit quia perferendis beatae quam eum reiciendis nam. Sapiente ipsum at omnis molestias repellat quia est libero.','55627.00',NULL,'1973-04-22 11:08:37','2019-10-07 22:33:17'),
('99','fugiat','Eius rem quia a alias. Qui repudiandae est eum. Quaerat eaque quisquam corporis enim neque sed aliquid deleniti.','40451.00',NULL,'1997-03-16 13:20:07','1983-04-07 09:28:20'),
('100','ducimus','Omnis quae et modi. Sunt corporis deleniti minima qui. Modi animi voluptas magni perspiciatis doloribus.','0.00',NULL,'2018-05-27 12:34:31','2003-11-18 15:20:44'); 


DROP TABLE IF EXISTS `storehouses`;
CREATE TABLE `storehouses` (
  `id` bigint(20) unsigned NOT NULL AUTO_INCREMENT,
  `name` varchar(255) COLLATE utf8_unicode_ci DEFAULT NULL COMMENT 'Название',
  `created_at` datetime DEFAULT current_timestamp(),
  `updated_at` datetime DEFAULT current_timestamp() ON UPDATE current_timestamp(),
  PRIMARY KEY (`id`)
) ENGINE=InnoDB AUTO_INCREMENT=101 DEFAULT CHARSET=utf8 COLLATE=utf8_unicode_ci COMMENT='Склады';

INSERT INTO `storehouses` VALUES ('1','nisi','1972-11-22 14:01:25','1982-11-21 05:30:36'),
('2','non','1979-10-03 10:33:47','2013-03-01 14:32:29'),
('3','sed','2001-02-28 14:59:05','1985-02-25 19:09:38'),
('4','reprehenderit','2000-04-08 19:51:06','1991-10-06 14:21:41'),
('5','a','2014-01-04 18:25:18','1994-09-21 04:13:01'),
('6','omnis','1976-06-24 03:58:34','1971-10-22 04:19:13'),
('7','non','1999-07-14 02:48:39','2003-02-16 18:46:51'),
('8','id','1991-09-19 01:33:14','1981-06-14 18:11:31'),
('9','earum','1972-01-03 13:17:47','1989-03-06 05:51:08'),
('10','ut','1991-09-03 03:06:11','1984-11-05 03:35:32'),
('11','aspernatur','1973-01-06 13:08:39','2002-12-31 04:05:28'),
('12','laudantium','1993-12-29 18:14:38','2018-03-06 06:21:33'),
('13','temporibus','2013-04-14 15:14:23','2003-08-22 13:31:34'),
('14','ut','2011-04-18 05:38:06','1987-04-07 12:58:28'),
('15','quis','1976-07-18 21:13:46','1971-12-25 16:25:54'),
('16','velit','2019-01-11 12:39:48','1973-08-29 10:55:31'),
('17','adipisci','1988-11-11 16:54:32','2005-07-29 07:12:17'),
('18','earum','2009-09-25 18:02:37','2014-05-26 05:20:43'),
('19','eum','1986-03-12 08:50:29','1989-08-21 16:26:00'),
('20','qui','2015-02-24 02:26:01','2004-11-29 05:10:54'),
('21','numquam','1972-10-04 06:26:38','1982-05-13 19:26:49'),
('22','sint','2009-10-31 07:11:01','1998-08-21 15:47:49'),
('23','commodi','2004-02-19 12:30:58','1984-05-12 19:07:49'),
('24','culpa','2008-07-22 17:04:13','1971-08-24 15:07:39'),
('25','ea','1988-04-07 01:29:31','1974-11-25 13:25:31'),
('26','non','2006-07-02 12:23:16','1993-04-21 01:23:09'),
('27','omnis','2000-10-23 10:42:08','1996-10-06 18:12:51'),
('28','eos','1971-11-10 20:43:21','2018-08-29 19:55:03'),
('29','suscipit','1994-11-15 03:56:05','1995-12-28 21:51:51'),
('30','quia','1993-11-30 07:10:33','2008-11-17 15:29:20'),
('31','sequi','1976-09-07 04:24:26','1996-01-17 15:17:54'),
('32','nihil','1998-11-05 04:43:32','2004-06-10 09:41:58'),
('33','recusandae','1992-03-15 23:38:18','2019-04-23 06:58:11'),
('34','assumenda','1975-06-13 15:00:03','2014-01-25 20:31:40'),
('35','aliquam','1982-07-04 11:17:08','1987-06-07 19:03:49'),
('36','ea','2008-06-16 06:36:51','2007-02-06 15:16:45'),
('37','et','2019-06-07 21:27:52','2016-07-19 23:39:44'),
('38','iste','1976-10-09 05:54:57','2017-07-18 21:32:08'),
('39','corporis','1984-07-18 10:00:15','2014-10-26 00:59:07'),
('40','delectus','1991-09-02 12:20:13','1982-12-03 14:09:21'),
('41','aliquid','1987-02-07 05:22:53','1989-08-02 20:53:04'),
('42','eos','1986-08-26 22:02:38','1985-10-29 15:18:20'),
('43','illo','1982-06-08 06:25:49','2010-11-09 01:24:52'),
('44','quae','2007-08-18 00:55:42','1986-10-17 08:17:34'),
('45','aperiam','1998-06-03 11:59:11','1998-09-23 15:46:04'),
('46','adipisci','1997-10-03 00:41:00','1984-02-25 01:15:24'),
('47','occaecati','1985-05-01 05:34:29','2003-05-07 20:46:45'),
('48','libero','2006-03-17 11:18:43','1998-03-19 19:30:07'),
('49','ipsum','1987-09-30 18:41:12','1996-11-22 03:53:44'),
('50','error','2013-04-11 14:46:34','1975-07-21 02:47:41'),
('51','error','1985-11-24 19:25:45','2002-03-23 06:16:11'),
('52','quia','1973-06-30 07:44:44','2007-06-21 15:41:56'),
('53','aspernatur','2000-11-01 08:41:14','1993-07-03 17:29:02'),
('54','dignissimos','1991-05-07 03:34:15','1970-04-05 14:22:51'),
('55','mollitia','1981-06-29 16:10:42','2001-01-27 07:46:38'),
('56','et','1981-03-01 18:23:31','1972-04-14 22:33:37'),
('57','architecto','1996-11-11 23:34:49','1978-05-14 05:24:50'),
('58','et','1996-02-24 12:29:14','2014-07-26 10:50:53'),
('59','et','1995-10-27 09:08:36','1975-07-23 18:11:09'),
('60','aspernatur','1995-06-27 06:51:01','1975-05-09 17:40:46'),
('61','reprehenderit','1980-02-23 12:41:06','2003-10-12 16:06:41'),
('62','non','1998-09-24 00:29:27','1970-11-08 20:25:14'),
('63','voluptatem','1971-02-20 01:37:58','1993-07-08 03:50:17'),
('64','praesentium','1977-07-17 02:47:18','1975-02-10 06:58:09'),
('65','non','2010-12-13 19:20:57','2017-09-15 08:41:34'),
('66','numquam','2007-11-05 06:54:39','2019-01-11 06:51:03'),
('67','quis','1998-12-27 21:18:00','1979-05-08 22:28:10'),
('68','ipsum','2017-07-01 06:17:27','1972-09-01 08:56:20'),
('69','quidem','2011-03-21 22:12:22','1987-06-12 14:07:02'),
('70','cumque','2018-07-15 03:02:47','1983-10-15 23:01:08'),
('71','voluptas','1998-03-09 06:43:22','2016-12-05 14:21:38'),
('72','sint','2012-10-11 00:15:57','2012-09-15 03:16:17'),
('73','eos','2002-10-24 22:45:04','1999-09-17 16:33:10'),
('74','non','2017-10-12 10:53:12','1996-03-04 23:53:23'),
('75','illum','2008-10-30 15:16:13','1985-07-18 17:00:27'),
('76','ipsa','1996-06-28 23:09:45','1985-01-09 22:02:53'),
('77','consequatur','1971-06-18 20:26:38','1991-12-08 00:29:52'),
('78','ipsum','1970-06-08 07:55:36','1984-04-25 03:43:42'),
('79','dolorem','2002-10-31 17:36:34','2007-02-03 04:42:22'),
('80','voluptates','2012-04-29 16:37:17','1974-01-08 15:10:49'),
('81','ut','1988-04-19 17:59:33','1976-03-08 17:39:17'),
('82','voluptatum','1987-04-01 04:01:05','2015-12-17 17:45:27'),
('83','maxime','2019-04-25 08:17:12','1999-06-18 03:00:07'),
('84','dolor','1999-09-10 08:23:55','1982-08-17 06:05:44'),
('85','voluptatum','2009-02-05 05:12:03','1975-09-15 17:38:22'),
('86','sint','1990-12-15 09:33:14','1978-08-21 12:13:42'),
('87','excepturi','1976-05-07 04:53:45','1980-01-13 13:56:40'),
('88','eligendi','2001-08-21 10:46:24','2018-12-06 21:48:02'),
('89','maxime','1984-02-06 05:29:02','1971-06-23 18:31:07'),
('90','eaque','1986-06-27 00:08:45','1994-02-05 13:28:03'),
('91','minus','1973-04-10 04:05:21','2004-09-18 03:35:04'),
('92','qui','1981-03-23 10:45:29','1987-01-20 09:35:18'),
('93','ducimus','1981-03-31 07:26:16','1992-09-11 12:24:32'),
('94','earum','2005-03-10 10:54:25','2011-08-13 14:45:14'),
('95','aliquid','2019-10-02 22:13:48','1982-01-17 02:35:26'),
('96','reprehenderit','2002-07-10 19:54:56','1994-03-07 05:37:49'),
('97','voluptatem','1978-03-26 01:30:13','2004-08-07 10:46:13'),
('98','quos','2016-12-25 21:15:09','1995-02-11 03:01:13'),
('99','vero','1997-06-18 09:40:35','1975-03-31 05:10:03'),
('100','voluptas','2014-01-23 08:46:23','1993-03-06 00:16:45'); 


DROP TABLE IF EXISTS `storehouses_products`;
CREATE TABLE `storehouses_products` (
  `id` bigint(20) unsigned NOT NULL AUTO_INCREMENT,
  `storehouse_id` int(10) unsigned DEFAULT NULL,
  `product_id` int(10) unsigned DEFAULT NULL,
  `value` int(10) unsigned DEFAULT NULL COMMENT 'Запас товарной позиции на складе',
  `created_at` datetime DEFAULT current_timestamp(),
  `updated_at` datetime DEFAULT current_timestamp() ON UPDATE current_timestamp(),
  PRIMARY KEY (`id`)
) ENGINE=InnoDB AUTO_INCREMENT=2501 DEFAULT CHARSET=utf8 COLLATE=utf8_unicode_ci COMMENT='Запасы на складе';

INSERT INTO `storehouses_products` VALUES ('1','1','1','6','2007-04-02 02:24:31','1994-05-05 04:56:27'),
('2','2','2','3','1971-11-25 22:01:42','1993-04-21 02:00:52'),
('3','3','3','4','1991-02-08 03:25:03','2013-06-08 03:00:41'),
('4','4','4','4','2009-10-12 10:30:38','2006-07-20 21:12:22'),
('5','5','5','7','1995-12-14 08:24:23','1993-03-14 14:41:48'),
('6','6','6','7','1992-02-02 05:25:30','2007-09-10 14:09:04'),
('7','7','7','7','1996-08-21 02:24:03','1987-10-16 19:27:28'),
('8','8','8','1','2012-09-19 13:41:17','2003-09-04 15:34:11'),
('9','9','9','7','1983-08-22 08:18:33','1993-07-24 18:27:37'),
('10','10','10','0','2008-08-29 17:10:18','1986-04-08 13:39:40'),
('11','11','11','7','2015-08-18 21:37:33','2006-01-07 06:35:49'),
('12','12','12','2','2004-06-01 06:43:44','2017-11-20 07:33:47'),
('13','13','13','5','2017-07-13 01:54:19','2012-04-19 11:11:49'),
('14','14','14','7','2018-01-04 17:49:51','1987-04-08 23:21:14'),
('15','15','15','7','2014-03-17 04:41:14','1972-10-22 04:38:10'),
('16','16','16','5','1982-06-17 13:01:03','1979-08-30 21:08:07'),
('17','17','17','1','2016-09-28 23:48:29','1982-11-02 16:34:22'),
('18','18','18','8','2012-01-28 01:26:06','2013-03-13 10:13:26'),
('19','19','19','0','1996-07-19 17:23:59','2017-10-04 08:56:37'),
('20','20','20','1','1981-11-29 05:11:51','2007-05-25 14:28:51'),
('21','21','21','8','2009-11-07 23:34:29','1982-08-22 12:14:42'),
('22','22','22','7','1976-04-18 07:00:21','1973-12-31 20:48:00'),
('23','23','23','6','2009-10-07 14:31:16','2010-11-14 03:15:43'),
('24','24','24','1','2014-12-11 18:54:35','2003-01-18 10:46:07'),
('25','25','25','4','1979-06-29 06:14:10','2000-07-19 18:19:30'),
('26','26','26','0','1995-06-14 08:48:57','1988-05-17 19:15:38'),
('27','27','27','3','1972-12-17 19:37:55','1977-03-06 23:29:25'),
('28','28','28','8','1984-03-04 08:41:40','1984-07-08 06:48:49'),
('29','29','29','7','1970-10-26 23:42:47','1980-07-23 21:48:29'),
('30','30','30','3','2017-06-17 19:34:39','1987-10-27 22:08:29'),
('31','31','31','9','1970-10-20 14:20:32','2010-05-30 12:12:36'),
('32','32','32','3','1979-05-25 06:01:58','1995-12-10 23:41:11'),
('33','33','33','1','1997-02-04 12:26:29','1991-05-05 18:40:34'),
('34','34','34','7','2012-10-27 00:37:06','2003-10-07 17:05:34'),
('35','35','35','8','1988-07-16 23:50:19','1973-12-06 13:26:52'),
('36','36','36','3','2016-11-08 20:27:05','1974-05-30 08:30:45'),
('37','37','37','1','2007-06-30 10:23:47','1981-11-19 08:08:48'),
('38','38','38','0','2013-11-03 17:23:31','2012-10-02 18:52:14'),
('39','39','39','6','1995-03-21 22:20:54','1981-08-21 00:08:29'),
('40','40','40','8','2016-08-16 00:52:10','1980-12-28 05:17:15'),
('41','41','41','8','1977-01-16 21:02:20','1983-08-31 10:04:36'),
('42','42','42','9','1975-11-16 19:22:46','2001-05-01 07:46:14'),
('43','43','43','9','2013-11-11 11:31:07','1972-02-28 00:21:18'),
('44','44','44','2','1983-08-09 03:56:13','2010-02-07 14:49:28'),
('45','45','45','7','1996-01-06 09:52:49','1999-08-06 20:47:30'),
('46','46','46','6','1993-09-12 20:32:05','2008-03-08 16:47:52'),
('47','47','47','4','2001-02-04 10:48:20','1990-03-15 04:37:01'),
('48','48','48','0','1992-10-23 04:27:31','1988-11-05 09:38:55'),
('49','49','49','6','1977-08-19 12:40:34','1994-06-12 03:57:16'),
('50','50','50','7','2018-11-14 17:10:39','1987-09-05 14:11:54'); 


SELECT * FROM storehouses_products
  ORDER BY CASE WHEN value = 0 THEN 99 ELSE value end;
 
 
 

  
 